{"run2": {"foo/cos": [[0.0, 0, 2.0], [10.0, 1, 1.0806045532226562], [20.0, 2, -0.832293689250946], [30.0, 3, -1.979984998703003], [40.0, 4, -1.3072872161865234]], "bar/square": [[0.0, 0, 0.0], [10.0, 1, 1.0], [20.0, 2, 4.0], [30.0, 3, 9.0], [40.0, 4, 16.0]], "foo/square": [[0.0, 0, 0.0], [10.0, 1, 2.0], [20.0, 2, 8.0], [30.0, 3, 18.0], [40.0, 4, 32.0]]}, "run1": {"foo/sin": [[0.0, 0, 0.0], [10.0, 1, 0.8414709568023682], [20.0, 2, 0.9092974066734314], [30.0, 3, 0.14112000167369843], [40.0, 4, -0.756802499294281]], "foo/cos": [[0.0, 0, 1.0], [10.0, 1, 0.5403022766113281], [20.0, 2, -0.416146844625473], [30.0, 3, -0.9899924993515015], [40.0, 4, -0.6536436080932617]], "bar/square": [[0.0, 0, 0.0], [10.0, 1, 1.0], [20.0, 2, 4.0], [30.0, 3, 9.0], [40.0, 4, 16.0]], "foo/square": [[0.0, 0, 0.0], [10.0, 1, 1.0], [20.0, 2, 4.0], [30.0, 3, 9.0], [40.0, 4, 16.0]]}}