CRIM,ZN,INDUS,NOX,RM,AGE,DIS,TAX,PTRATIO
0.03359,75.0,2.95,0.428,7.024,15.8,5.4011,252,18.3
5.09017,0.0,18.1,0.713,6.297,91.8,2.3682,666,20.2
0.1265,25.0,5.13,0.453,6.762,43.4,7.9809,284,19.7
0.05515,33.0,2.18,0.472,7.236,41.1,4.022,222,18.4
8.15174,0.0,18.1,0.7,5.39,98.9,1.7281,666,20.2
0.24522,0.0,9.9,0.544,5.782,71.7,4.0317,304,18.4
